Boston Consulting Group,https://www.bcg.com/people/experts/rich-lesser.aspx
Boston Consulting Group,https://www.bcg.com/people/experts/lars-faeste.aspx
Boston Consulting Group,https://www.bcg.com/people/experts/richard-hutchinson.aspx
Boston Consulting Group,https://www.bcg.com/people/experts/ashish-iyer.aspx
Boston Consulting Group,https://www.bcg.com/people/experts/pascal-cotte.aspx
Boston Consulting Group,https://www.bcg.com/people/experts/alexander-roos.aspx
Boston Consulting Group,https://www.bcg.com/people/experts/ludger-kuebel-sorger.aspx
Boston Consulting Group,https://www.bcg.com/people/experts/tom-lutz.aspx
Boston Consulting Group,https://www.bcg.com/people/experts/patrick-forth.aspx
Boston Consulting Group,https://www.bcg.com/people/experts/hans-paul-buerkner.aspx
Boston Consulting Group,https://www.bcg.com/people/experts/tom-reichert.aspx
Boston Consulting Group,https://www.bcg.com/people/experts/christian-veith.aspx
Boston Consulting Group,https://www.bcg.com/people/experts/christoph-schweizer.aspx
Boston Consulting Group,https://www.bcg.com/people/experts/tawfik-hammoud.aspx
Boston Consulting Group,https://www.bcg.com/people/experts/wendy-woods.aspx
Boston Consulting Group,https://www.bcg.com/people/experts/dinesh-khanna.aspx
Boston Consulting Group,https://www.bcg.com/people/experts/ralf-dreischmeier.aspx
Boston Consulting Group,https://www.bcg.com/people/experts/lionel-are.aspx
Boston Consulting Group,https://www.bcg.com/people/experts/janmejaya-sinha.aspx
Boston Consulting Group,https://www.bcg.com/people/experts/bjorn-matre.aspx
Boston Consulting Group,https://www.bcg.com/
Boston Consulting Group,https://www.bcg.com/people/experts/vaishali-rastogi.aspx
Boston Consulting Group,https://www.bcg.com/people/experts/adam-farber.aspx
Boston Consulting Group,https://www.bcg.com/people/experts/grant-freeland.aspx
Boston Consulting Group,https://www.bcg.com/people/experts/miki-tsusaka.aspx
Boston Consulting Group,https://www.bcg.com/people/experts/jean-le-corre.aspx
Boston Consulting Group,https://www.bcg.com/people/experts/hubertus-meinecke.aspx
Boston Consulting Group,https://www.bcg.com/people/experts/sharon-marcil.aspx
Boston Consulting Group,https://www.bcg.com/people/experts/pia-tischhauser.aspx
Boston Consulting Group,https://www.bcg.com/people/experts/paul-tranter.aspx
Boston Consulting Group,https://www.bcg.com/people/experts/matt-krentz.aspx
Boston Consulting Group,https://www.bcg.com/people/experts/debbie-simpson.aspx
Boston Consulting Group,https://www.bcg.com/people/experts/ivan-marten.aspx
Boston Consulting Group,https://www.bcg.com/people/experts/larry-kamener.aspx
Boston Consulting Group,https://www.bcg.com/people/experts/jeremy-barton.aspx
Boston Consulting Group,https://www.bcg.com/people/leadership.aspx
Bain & Company,https://www.joinbain.com/roles-at-bain/full-time/case-team-leader.asp
Bain & Company,https://www.joinbain.com/who-we-are/meet-our-people/meet-our-people_grid.asp
Bain & Company,https://www.bain.com/about/people-and-values/true-north.aspx
